{
    "alarm_config": {
        "mail_from": "your_email@gmail.com",
        "mail_password": "",
        "mail_recipients": [
            "first_recipient@mail.com",
            "second_recipient@mail.com"
        ],
        "mail_subject": "HUE ALARM TRIGGERED!",
        "mail_username": "",
        "smtp_port": 465,
        "smtp_server": "smtp.gmail.com"
    },
    "capabilities": {
        "groups": {
            "available": 64
        },
        "lights": {
            "available": 63
        },
        "resourcelinks": {
            "available": 64
        },
        "rules": {
            "actions": {
                "available": 400
            },
            "available": 200,
            "conditions": {
                "available": 400
            }
        },
        "scenes": {
            "available": 200,
            "lightstates": {
                "available": 2048
            }
        },
        "schedules": {
            "available": 100
        },
        "sensors": {
            "available": 63,
            "clip": {
                "available": 63
            },
            "zgp": {
                "available": 63
            },
            "zll": {
                "available": 63
            }
        },
        "timezones": {
            "values": [
                "CET",
                "CST6CDT",
                "EET",
                "EST",
                "EST5EDT",
                "HST",
                "MET",
                "MST",
                "MST7MDT",
                "PST8PDT",
                "WET",
                "Africa/Abidjan",
                "Africa/Accra",
                "Africa/Addis_Ababa",
                "Africa/Algiers",
                "Africa/Asmara",
                "Africa/Bamako",
                "Africa/Bangui",
                "Africa/Banjul",
                "Africa/Bissau",
                "Africa/Blantyre",
                "Africa/Brazzaville",
                "Africa/Bujumbura",
                "Africa/Cairo",
                "Africa/Casablanca",
                "Africa/Ceuta",
                "Africa/Conakry",
                "Africa/Dakar",
                "Africa/Dar_es_Salaam",
                "Africa/Djibouti",
                "Africa/Douala",
                "Africa/El_Aaiun",
                "Africa/Freetown",
                "Africa/Gaborone",
                "Africa/Harare",
                "Africa/Johannesburg",
                "Africa/Juba",
                "Africa/Kampala",
                "Africa/Khartoum",
                "Africa/Kigali",
                "Africa/Kinshasa",
                "Africa/Lagos",
                "Africa/Libreville",
                "Africa/Lome",
                "Africa/Luanda",
                "Africa/Lubumbashi",
                "Africa/Lusaka",
                "Africa/Malabo",
                "Africa/Maputo",
                "Africa/Maseru",
                "Africa/Mbabane",
                "Africa/Mogadishu",
                "Africa/Monrovia",
                "Africa/Nairobi",
                "Africa/Ndjamena",
                "Africa/Niamey",
                "Africa/Nouakchott",
                "Africa/Ouagadougou",
                "Africa/Porto-Novo",
                "Africa/Sao_Tome",
                "Africa/Tripoli",
                "Africa/Tunis",
                "Africa/Windhoek",
                "America/Adak",
                "America/Anchorage",
                "America/Anguilla",
                "America/Antigua",
                "America/Araguaina",
                "America/Aruba",
                "America/Asuncion",
                "America/Atikokan",
                "America/Bahia",
                "America/Bahia_Banderas",
                "America/Barbados",
                "America/Belem",
                "America/Belize",
                "America/Blanc-Sablon",
                "America/Boa_Vista",
                "America/Bogota",
                "America/Boise",
                "America/Cambridge_Bay",
                "America/Campo_Grande",
                "America/Cancun",
                "America/Caracas",
                "America/Cayenne",
                "America/Cayman",
                "America/Chicago",
                "America/Chihuahua",
                "America/Costa_Rica",
                "America/Creston",
                "America/Cuiaba",
                "America/Curacao",
                "America/Danmarkshavn",
                "America/Dawson",
                "America/Dawson_Creek",
                "America/Denver",
                "America/Detroit",
                "America/Dominica",
                "America/Edmonton",
                "America/Eirunepe",
                "America/El_Salvador",
                "America/Fort_Nelson",
                "America/Fortaleza",
                "America/Glace_Bay",
                "America/Godthab",
                "America/Goose_Bay",
                "America/Grand_Turk",
                "America/Grenada",
                "America/Guadeloupe",
                "America/Guatemala",
                "America/Guayaquil",
                "America/Guyana",
                "America/Halifax",
                "America/Havana",
                "America/Hermosillo",
                "America/Inuvik",
                "America/Iqaluit",
                "America/Jamaica",
                "America/Juneau",
                "America/Kralendijk",
                "America/La_Paz",
                "America/Lima",
                "America/Los_Angeles",
                "America/Lower_Princes",
                "America/Maceio",
                "America/Managua",
                "America/Manaus",
                "America/Marigot",
                "America/Martinique",
                "America/Matamoros",
                "America/Mazatlan",
                "America/Menominee",
                "America/Merida",
                "America/Metlakatla",
                "America/Mexico_City",
                "America/Miquelon",
                "America/Moncton",
                "America/Monterrey",
                "America/Montevideo",
                "America/Montserrat",
                "America/Nassau",
                "America/New_York",
                "America/Nipigon",
                "America/Nome",
                "America/Noronha",
                "America/Ojinaga",
                "America/Panama",
                "America/Pangnirtung",
                "America/Paramaribo",
                "America/Phoenix",
                "America/Port-au-Prince",
                "America/Port_of_Spain",
                "America/Porto_Velho",
                "America/Puerto_Rico",
                "America/Punta_Arenas",
                "America/Rainy_River",
                "America/Rankin_Inlet",
                "America/Recife",
                "America/Regina",
                "America/Resolute",
                "America/Rio_Branco",
                "America/Santarem",
                "America/Santiago",
                "America/Santo_Domingo",
                "America/Sao_Paulo",
                "America/Scoresbysund",
                "America/Sitka",
                "America/St_Barthelemy",
                "America/St_Johns",
                "America/St_Kitts",
                "America/St_Lucia",
                "America/St_Thomas",
                "America/St_Vincent",
                "America/Swift_Current",
                "America/Tegucigalpa",
                "America/Thule",
                "America/Thunder_Bay",
                "America/Tijuana",
                "America/Toronto",
                "America/Tortola",
                "America/Vancouver",
                "America/Whitehorse",
                "America/Winnipeg",
                "America/Yakutat",
                "America/Yellowknife",
                "America/Argentina/Buenos_Aires",
                "America/Argentina/Catamarca",
                "America/Argentina/Cordoba",
                "America/Argentina/Jujuy",
                "America/Argentina/La_Rioja",
                "America/Argentina/Mendoza",
                "America/Argentina/Rio_Gallegos",
                "America/Argentina/Salta",
                "America/Argentina/San_Juan",
                "America/Argentina/San_Luis",
                "America/Argentina/Tucuman",
                "America/Argentina/Ushuaia",
                "America/Indiana/Indianapolis",
                "America/Indiana/Knox",
                "America/Indiana/Marengo",
                "America/Indiana/Petersburg",
                "America/Indiana/Tell_City",
                "America/Indiana/Vevay",
                "America/Indiana/Vincennes",
                "America/Indiana/Winamac",
                "America/Kentucky/Louisville",
                "America/Kentucky/Monticello",
                "America/North_Dakota/Beulah",
                "America/North_Dakota/Center",
                "America/North_Dakota/New_Salem",
                "Antarctica/Casey",
                "Antarctica/Davis",
                "Antarctica/DumontDUrville",
                "Antarctica/Macquarie",
                "Antarctica/Mawson",
                "Antarctica/McMurdo",
                "Antarctica/Palmer",
                "Antarctica/Rothera",
                "Antarctica/Syowa",
                "Antarctica/Troll",
                "Antarctica/Vostok",
                "Arctic/Longyearbyen",
                "Asia/Aden",
                "Asia/Almaty",
                "Asia/Amman",
                "Asia/Anadyr",
                "Asia/Aqtau",
                "Asia/Aqtobe",
                "Asia/Ashgabat",
                "Asia/Atyrau",
                "Asia/Baghdad",
                "Asia/Bahrain",
                "Asia/Baku",
                "Asia/Bangkok",
                "Asia/Barnaul",
                "Asia/Beirut",
                "Asia/Bishkek",
                "Asia/Brunei",
                "Asia/Chita",
                "Asia/Choibalsan",
                "Asia/Colombo",
                "Asia/Damascus",
                "Asia/Dhaka",
                "Asia/Dili",
                "Asia/Dubai",
                "Asia/Dushanbe",
                "Asia/Famagusta",
                "Asia/Gaza",
                "Asia/Hebron",
                "Asia/Ho_Chi_Minh",
                "Asia/Hong_Kong",
                "Asia/Hovd",
                "Asia/Irkutsk",
                "Asia/Istanbul",
                "Asia/Jakarta",
                "Asia/Jayapura",
                "Asia/Jerusalem",
                "Asia/Kabul",
                "Asia/Kamchatka",
                "Asia/Karachi",
                "Asia/Kathmandu",
                "Asia/Khandyga",
                "Asia/Kolkata",
                "Asia/Krasnoyarsk",
                "Asia/Kuala_Lumpur",
                "Asia/Kuching",
                "Asia/Kuwait",
                "Asia/Macau",
                "Asia/Magadan",
                "Asia/Makassar",
                "Asia/Manila",
                "Asia/Muscat",
                "Asia/Nicosia",
                "Asia/Novokuznetsk",
                "Asia/Novosibirsk",
                "Asia/Omsk",
                "Asia/Oral",
                "Asia/Phnom_Penh",
                "Asia/Pontianak",
                "Asia/Pyongyang",
                "Asia/Qatar",
                "Asia/Qyzylorda",
                "Asia/Riyadh",
                "Asia/Sakhalin",
                "Asia/Samarkand",
                "Asia/Seoul",
                "Asia/Shanghai",
                "Asia/Singapore",
                "Asia/Srednekolymsk",
                "Asia/Taipei",
                "Asia/Tashkent",
                "Asia/Tbilisi",
                "Asia/Tehran",
                "Asia/Thimphu",
                "Asia/Tokyo",
                "Asia/Tomsk",
                "Asia/Ulaanbaatar",
                "Asia/Urumqi",
                "Asia/Ust-Nera",
                "Asia/Vientiane",
                "Asia/Vladivostok",
                "Asia/Yakutsk",
                "Asia/Yangon",
                "Asia/Yekaterinburg",
                "Asia/Yerevan",
                "Atlantic/Azores",
                "Atlantic/Bermuda",
                "Atlantic/Canary",
                "Atlantic/Cape_Verde",
                "Atlantic/Faroe",
                "Atlantic/Madeira",
                "Atlantic/Reykjavik",
                "Atlantic/South_Georgia",
                "Atlantic/St_Helena",
                "Atlantic/Stanley",
                "Australia/Adelaide",
                "Australia/Brisbane",
                "Australia/Broken_Hill",
                "Australia/Currie",
                "Australia/Darwin",
                "Australia/Eucla",
                "Australia/Hobart",
                "Australia/Lindeman",
                "Australia/Lord_Howe",
                "Australia/Melbourne",
                "Australia/Perth",
                "Australia/Sydney",
                "Europe/Amsterdam",
                "Europe/Andorra",
                "Europe/Astrakhan",
                "Europe/Athens",
                "Europe/Belgrade",
                "Europe/Berlin",
                "Europe/Bratislava",
                "Europe/Brussels",
                "Europe/Bucharest",
                "Europe/Budapest",
                "Europe/Busingen",
                "Europe/Chisinau",
                "Europe/Copenhagen",
                "Europe/Dublin",
                "Europe/Gibraltar",
                "Europe/Guernsey",
                "Europe/Helsinki",
                "Europe/Isle_of_Man",
                "Europe/Istanbul",
                "Europe/Jersey",
                "Europe/Kaliningrad",
                "Europe/Kiev",
                "Europe/Kirov",
                "Europe/Lisbon",
                "Europe/Ljubljana",
                "Europe/London",
                "Europe/Luxembourg",
                "Europe/Madrid",
                "Europe/Malta",
                "Europe/Mariehamn",
                "Europe/Minsk",
                "Europe/Monaco",
                "Europe/Moscow",
                "Europe/Nicosia",
                "Europe/Oslo",
                "Europe/Paris",
                "Europe/Podgorica",
                "Europe/Prague",
                "Europe/Riga",
                "Europe/Rome",
                "Europe/Samara",
                "Europe/San_Marino",
                "Europe/Sarajevo",
                "Europe/Saratov",
                "Europe/Simferopol",
                "Europe/Skopje",
                "Europe/Sofia",
                "Europe/Stockholm",
                "Europe/Tallinn",
                "Europe/Tirane",
                "Europe/Ulyanovsk",
                "Europe/Uzhgorod",
                "Europe/Vaduz",
                "Europe/Vatican",
                "Europe/Vienna",
                "Europe/Vilnius",
                "Europe/Volgograd",
                "Europe/Warsaw",
                "Europe/Zagreb",
                "Europe/Zaporozhye",
                "Europe/Zurich",
                "Indian/Antananarivo",
                "Indian/Chagos",
                "Indian/Christmas",
                "Indian/Cocos",
                "Indian/Comoro",
                "Indian/Kerguelen",
                "Indian/Mahe",
                "Indian/Maldives",
                "Indian/Mauritius",
                "Indian/Mayotte",
                "Indian/Reunion",
                "Pacific/Apia",
                "Pacific/Auckland",
                "Pacific/Bougainville",
                "Pacific/Chatham",
                "Pacific/Chuuk",
                "Pacific/Easter",
                "Pacific/Efate",
                "Pacific/Enderbury",
                "Pacific/Fakaofo",
                "Pacific/Fiji",
                "Pacific/Funafuti",
                "Pacific/Galapagos",
                "Pacific/Gambier",
                "Pacific/Guadalcanal",
                "Pacific/Guam",
                "Pacific/Honolulu",
                "Pacific/Kiritimati",
                "Pacific/Kosrae",
                "Pacific/Kwajalein",
                "Pacific/Majuro",
                "Pacific/Marquesas",
                "Pacific/Midway",
                "Pacific/Nauru",
                "Pacific/Niue",
                "Pacific/Norfolk",
                "Pacific/Noumea",
                "Pacific/Pago_Pago",
                "Pacific/Palau",
                "Pacific/Pitcairn",
                "Pacific/Pohnpei",
                "Pacific/Port_Moresby",
                "Pacific/Rarotonga",
                "Pacific/Saipan",
                "Pacific/Tahiti",
                "Pacific/Tarawa",
                "Pacific/Tongatapu",
                "Pacific/Wake",
                "Pacific/Wallis",
                "US/Pacific-New"
            ]
        }
    },
    "config": {
        "UTC": "2020-02-04T23:02:35",
        "apiversion": "1.24.0",
        "backup": {
            "errorcode": 0,
            "status": "idle"
        },
        "bridgeid": "B827EBFFFE9E612F",
        "datastoreversion": "70",
        "dhcp": true,
        "factorynew": false,
        "gateway": "192.168.5.1",
        "internetservices": {
            "internet": "connected",
            "remoteaccess": "connected",
            "swupdate": "connected",
            "time": "connected"
        },
        "ipaddress": "192.168.5.59",
        "linkbutton": false,
        "localtime": "2020-02-04T17:02:35",
        "mac": "b8:27:eb:9e:61:2f",
        "modelid": "BSB002",
        "name": "Philips hue",
        "netmask": "255.255.255.0",
        "portalconnection": "connected",
        "portalservices": true,
        "portalstate": {
            "communication": "disconnected",
            "incoming": false,
            "outgoing": true,
            "signedon": true
        },
        "proxyaddress": "none",
        "proxyport": 0,
        "replacesbridgeid": null,
        "starterkitid": "",
        "swupdate": {
            "checkforupdate": false,
            "devicetypes": {
                "bridge": false,
                "lights": [],
                "sensors": []
            },
            "notify": true,
            "text": "",
            "updatestate": 0,
            "url": ""
        },
        "swupdate2": {
            "autoinstall": {
                "on": false
            }
        },
        "swversion": "1934129020",
        "timezone": "Europe/Bucharest",
        "whitelist": {
            "a7161538be80d40b3de98dece6e91f90": {
                "create date": "2020-02-04T22:04:44",
                "last use date": "2020-02-04T17:02:35",
                "name": "Hue 3#zzp"
            },
            "cfcf916a4eab2b122d829dbfdf75b6d1": {
                "create date": "2019-08-13T16:31:05",
                "last use date": "2019-12-12T15:05:42",
                "name": "Echo"
            },
            "web-ui-64120": {
                "create date": "2019-08-12T13:25:41",
                "last use date": "2019-08-12T13:25:59",
                "name": "WebGui User"
            }
        },
        "zigbeechannel": 25
    },
    "deconz": {
        "enabled": false,
        "lights": {},
        "port": 8080,
        "sensors": {}
    },
    "emulator": {
        "lights": {},
        "sensors": {}
    },
    "groups": {
        "1": {
            "action": {
                "bri": 0,
                "ct": 250.0,
                "on": true
            },
            "class": "Living room",
            "lights": [
                "3",
                "4",
                "5",
                "6",
                "7",
                "8"
            ],
            "name": "Living room",
            "state": {
                "all_on": false,
                "any_on": true
            },
            "type": "Room"
        },
        "2": {
            "action": {
                "on": false
            },
            "class": "Living room",
            "lights": [
                "1",
                "2"
            ],
            "name": "Living roomrr",
            "state": {
                "all_on": false,
                "any_on": false
            },
            "type": "Room"
        }
    },
    "lights": {
        "1": {
            "manufacturername": "Philips",
            "modelid": "ATX-LED",
            "name": "Light 5",
            "state": {
                "bri": 0,
                "colormode": "ct",
                "ct": 250.0,
                "light_nr": "0_s_5",
                "on": false,
                "reachable": true
            },
            "swversion": "0.01",
            "type": "ATX LED Light",
            "uniqueid": "00:17:88:01:00:55:32:1f-0b"
        },
        "2": {
            "manufacturername": "Philips",
            "modelid": "ATX-LED",
            "name": "Light 16",
            "state": {
                "bri": 0,
                "colormode": "ct",
                "ct": 250.0,
                "light_nr": "0_s_16",
                "on": false,
                "reachable": true
            },
            "swversion": "0.01",
            "type": "ATX LED Light",
            "uniqueid": "00:17:88:01:00:63:18:84-0b"
        },
        "3": {
            "manufacturername": "Philips",
            "modelid": "ATX-LED",
            "name": "Light 17",
            "state": {
                "bri": 0,
                "colormode": "ct",
                "ct": 250.0,
                "light_nr": "0_s_17",
                "on": false,
                "reachable": true
            },
            "swversion": "0.01",
            "type": "ATX LED Light",
            "uniqueid": "00:17:88:01:00:9b:09:76-0b"
        },
        "4": {
            "manufacturername": "Philips",
            "modelid": "ATX-LED",
            "name": "Light 18",
            "state": {
                "bri": 0,
                "colormode": "ct",
                "ct": 250.0,
                "light_nr": "0_s_18",
                "on": false,
                "reachable": true
            },
            "swversion": "0.01",
            "type": "ATX LED Light",
            "uniqueid": "00:17:88:01:00:82:f8:02-0b"
        },
        "5": {
            "manufacturername": "Philips",
            "modelid": "ATX-LED",
            "name": "Light 19",
            "state": {
                "bri": 254,
                "colormode": "ct",
                "ct": 250.0,
                "light_nr": "0_s_19",
                "on": false,
                "reachable": true
            },
            "swversion": "0.01",
            "type": "ATX LED Light",
            "uniqueid": "00:17:88:01:00:a4:99:da-0b"
        },
        "6": {
            "manufacturername": "Philips",
            "modelid": "ATX-LED",
            "name": "Light 20",
            "state": {
                "bri": 7,
                "colormode": "ct",
                "ct": 250.0,
                "light_nr": "0_s_20",
                "on": true,
                "reachable": true
            },
            "swversion": "0.01",
            "type": "ATX LED Light",
            "uniqueid": "00:17:88:01:00:a2:ff:cf-0b"
        },
        "7": {
            "manufacturername": "Philips",
            "modelid": "ATX-LED",
            "name": "Light 21",
            "state": {
                "bri": 0,
                "colormode": "ct",
                "ct": 250.0,
                "light_nr": "0_s_21",
                "on": false,
                "reachable": true
            },
            "swversion": "0.01",
            "type": "ATX LED Light",
            "uniqueid": "00:17:88:01:00:df:14:1c-0b"
        },
        "8": {
            "manufacturername": "Philips",
            "modelid": "ATX-LED",
            "name": "Light 22",
            "state": {
                "bri": 0,
                "colormode": "ct",
                "ct": 250.0,
                "light_nr": "0_s_22",
                "on": false,
                "reachable": true
            },
            "swversion": "0.01",
            "type": "ATX LED Light",
            "uniqueid": "00:17:88:01:00:c1:cb:dd-0b"
        }
    },
    "lights_address": {
        "1": {
            "ip": "127.0.0.1:80",
            "light_nr": "0_s_5",
            "mac": "b827eb9e612f",
            "name": "Light 5",
            "protocol": "native_multi",
            "type": "ATX-LED",
            "version": "0.02"
        },
        "2": {
            "ip": "127.0.0.1:80",
            "light_nr": "0_s_16",
            "mac": "b827eb9e612f",
            "name": "Light 16",
            "protocol": "native_multi",
            "type": "ATX-LED",
            "version": "0.02"
        },
        "3": {
            "ip": "127.0.0.1:80",
            "light_nr": "0_s_17",
            "mac": "b827eb9e612f",
            "name": "Light 17",
            "protocol": "native_multi",
            "type": "ATX-LED",
            "version": "0.02"
        },
        "4": {
            "ip": "127.0.0.1:80",
            "light_nr": "0_s_18",
            "mac": "b827eb9e612f",
            "name": "Light 18",
            "protocol": "native_multi",
            "type": "ATX-LED",
            "version": "0.02"
        },
        "5": {
            "ip": "127.0.0.1:80",
            "light_nr": "0_s_19",
            "mac": "b827eb9e612f",
            "name": "Light 19",
            "protocol": "native_multi",
            "type": "ATX-LED",
            "version": "0.02"
        },
        "6": {
            "ip": "127.0.0.1:80",
            "light_nr": "0_s_20",
            "mac": "b827eb9e612f",
            "name": "Light 20",
            "protocol": "native_multi",
            "type": "ATX-LED",
            "version": "0.02"
        },
        "7": {
            "ip": "127.0.0.1:80",
            "light_nr": "0_s_21",
            "mac": "b827eb9e612f",
            "name": "Light 21",
            "protocol": "native_multi",
            "type": "ATX-LED",
            "version": "0.02"
        },
        "8": {
            "ip": "127.0.0.1:80",
            "light_nr": "0_s_22",
            "mac": "b827eb9e612f",
            "name": "Light 22",
            "protocol": "native_multi",
            "type": "ATX-LED",
            "version": "0.02"
        }
    },
    "linkbutton": {
        "lastlinkbuttonpushed": "1517072396",
        "linkbutton_auth": "SHVlOkh1ZQ=="
    },
    "resourcelinks": {},
    "rules": {},
    "scenes": {
        "1": {
            "appdata": {
                "data": "L7fRp_r01_d01",
                "version": 1
            },
            "group": "1",
            "lastupdated": "2020-02-04T22:50:21",
            "lights": [
                "3",
                "4",
                "5",
                "6",
                "7",
                "8"
            ],
            "lightstates": {
                "1": {
                    "bri": 144,
                    "ct": 447,
                    "on": true
                },
                "2": {
                    "bri": 144,
                    "ct": 447,
                    "on": true
                },
                "3": {
                    "bri": 144,
                    "ct": 447,
                    "on": true
                },
                "4": {
                    "bri": 144,
                    "ct": 447,
                    "on": true
                },
                "5": {
                    "bri": 144,
                    "ct": 447,
                    "on": true
                },
                "6": {
                    "bri": 144,
                    "ct": 447,
                    "on": true
                },
                "7": {
                    "bri": 144,
                    "ct": 447,
                    "on": true
                },
                "8": {
                    "bri": 144,
                    "ct": 447,
                    "on": true
                }
            },
            "name": "Relax",
            "owner": "a7161538be80d40b3de98dece6e91f90",
            "picture": "",
            "recycle": false,
            "type": "GroupScene",
            "version": 2
        },
        "10": {
            "appdata": {
                "data": "UTwfT_r01_d17",
                "version": 1
            },
            "group": "1",
            "lastupdated": "2020-02-04T22:50:23",
            "lights": [
                "3",
                "4",
                "5",
                "6",
                "7",
                "8"
            ],
            "lightstates": {
                "1": {
                    "bri": 137,
                    "ct": 153,
                    "on": true
                },
                "2": {
                    "bri": 137,
                    "ct": 153,
                    "on": true
                },
                "3": {
                    "bri": 137,
                    "ct": 153,
                    "on": true
                },
                "4": {
                    "bri": 137,
                    "ct": 153,
                    "on": true
                },
                "5": {
                    "bri": 137,
                    "ct": 153,
                    "on": true
                },
                "6": {
                    "bri": 137,
                    "ct": 153,
                    "on": true
                },
                "7": {
                    "bri": 137,
                    "ct": 153,
                    "on": true
                },
                "8": {
                    "bri": 137,
                    "ct": 153,
                    "on": true
                }
            },
            "name": "Arctic aurora",
            "owner": "a7161538be80d40b3de98dece6e91f90",
            "picture": "",
            "recycle": false,
            "type": "GroupScene",
            "version": 2
        },
        "11": {
            "appdata": {
                "data": "Qwykp_r01_d18",
                "version": 1
            },
            "group": "1",
            "lastupdated": "2020-02-04T22:50:23",
            "lights": [
                "3",
                "4",
                "5",
                "6",
                "7",
                "8"
            ],
            "lightstates": {
                "1": {
                    "bri": 214,
                    "ct": 215,
                    "on": true
                },
                "2": {
                    "bri": 214,
                    "ct": 215,
                    "on": true
                },
                "3": {
                    "bri": 214,
                    "ct": 215,
                    "on": true
                },
                "4": {
                    "bri": 214,
                    "ct": 215,
                    "on": true
                },
                "5": {
                    "bri": 214,
                    "ct": 215,
                    "on": true
                },
                "6": {
                    "bri": 214,
                    "ct": 215,
                    "on": true
                },
                "7": {
                    "bri": 214,
                    "ct": 215,
                    "on": true
                },
                "8": {
                    "bri": 214,
                    "ct": 215,
                    "on": true
                }
            },
            "name": "Spring blossom",
            "owner": "a7161538be80d40b3de98dece6e91f90",
            "picture": "",
            "recycle": false,
            "type": "GroupScene",
            "version": 2
        },
        "2": {
            "appdata": {
                "data": "dfxOC_r01_d02",
                "version": 1
            },
            "group": "1",
            "lastupdated": "2020-02-04T22:50:21",
            "lights": [
                "3",
                "4",
                "5",
                "6",
                "7",
                "8"
            ],
            "lightstates": {
                "1": {
                    "bri": 254,
                    "ct": 346,
                    "on": true
                },
                "2": {
                    "bri": 254,
                    "ct": 346,
                    "on": true
                },
                "3": {
                    "bri": 254,
                    "ct": 346,
                    "on": true
                },
                "4": {
                    "bri": 254,
                    "ct": 346,
                    "on": true
                },
                "5": {
                    "bri": 254,
                    "ct": 346,
                    "on": true
                },
                "6": {
                    "bri": 254,
                    "ct": 346,
                    "on": true
                },
                "7": {
                    "bri": 254,
                    "ct": 346,
                    "on": true
                },
                "8": {
                    "bri": 254,
                    "ct": 346,
                    "on": true
                }
            },
            "name": "Read",
            "owner": "a7161538be80d40b3de98dece6e91f90",
            "picture": "",
            "recycle": false,
            "type": "GroupScene",
            "version": 2
        },
        "3": {
            "appdata": {
                "data": "ZSNg5_r01_d03",
                "version": 1
            },
            "group": "1",
            "lastupdated": "2020-02-04T22:50:22",
            "lights": [
                "3",
                "4",
                "5",
                "6",
                "7",
                "8"
            ],
            "lightstates": {
                "1": {
                    "bri": 254,
                    "ct": 233,
                    "on": true
                },
                "2": {
                    "bri": 254,
                    "ct": 233,
                    "on": true
                },
                "3": {
                    "bri": 254,
                    "ct": 233,
                    "on": true
                },
                "4": {
                    "bri": 254,
                    "ct": 233,
                    "on": true
                },
                "5": {
                    "bri": 254,
                    "ct": 233,
                    "on": true
                },
                "6": {
                    "bri": 254,
                    "ct": 233,
                    "on": true
                },
                "7": {
                    "bri": 254,
                    "ct": 233,
                    "on": true
                },
                "8": {
                    "bri": 254,
                    "ct": 233,
                    "on": true
                }
            },
            "name": "Concentrate",
            "owner": "a7161538be80d40b3de98dece6e91f90",
            "picture": "",
            "recycle": false,
            "type": "GroupScene",
            "version": 2
        },
        "4": {
            "appdata": {
                "data": "piYo0_r01_d04",
                "version": 1
            },
            "group": "1",
            "lastupdated": "2020-02-04T22:50:22",
            "lights": [
                "3",
                "4",
                "5",
                "6",
                "7",
                "8"
            ],
            "lightstates": {
                "1": {
                    "bri": 254,
                    "ct": 156,
                    "on": true
                },
                "2": {
                    "bri": 254,
                    "ct": 156,
                    "on": true
                },
                "3": {
                    "bri": 254,
                    "ct": 156,
                    "on": true
                },
                "4": {
                    "bri": 254,
                    "ct": 156,
                    "on": true
                },
                "5": {
                    "bri": 254,
                    "ct": 156,
                    "on": true
                },
                "6": {
                    "bri": 254,
                    "ct": 156,
                    "on": true
                },
                "7": {
                    "bri": 254,
                    "ct": 156,
                    "on": true
                },
                "8": {
                    "bri": 254,
                    "ct": 156,
                    "on": true
                }
            },
            "name": "Energize",
            "owner": "a7161538be80d40b3de98dece6e91f90",
            "picture": "",
            "recycle": false,
            "type": "GroupScene",
            "version": 2
        },
        "5": {
            "appdata": {
                "data": "C16ya_r01_d05",
                "version": 1
            },
            "group": "1",
            "lastupdated": "2020-02-04T22:50:22",
            "lights": [
                "3",
                "4",
                "5",
                "6",
                "7",
                "8"
            ],
            "lightstates": {
                "1": {
                    "bri": 254,
                    "ct": 367,
                    "on": true
                },
                "2": {
                    "bri": 254,
                    "ct": 367,
                    "on": true
                },
                "3": {
                    "bri": 254,
                    "ct": 367,
                    "on": true
                },
                "4": {
                    "bri": 254,
                    "ct": 367,
                    "on": true
                },
                "5": {
                    "bri": 254,
                    "ct": 367,
                    "on": true
                },
                "6": {
                    "bri": 254,
                    "ct": 367,
                    "on": true
                },
                "7": {
                    "bri": 254,
                    "ct": 367,
                    "on": true
                },
                "8": {
                    "bri": 254,
                    "ct": 367,
                    "on": true
                }
            },
            "name": "Bright",
            "owner": "a7161538be80d40b3de98dece6e91f90",
            "picture": "",
            "recycle": false,
            "type": "GroupScene",
            "version": 2
        },
        "6": {
            "appdata": {
                "data": "7B1Zv_r01_d06",
                "version": 1
            },
            "group": "1",
            "lastupdated": "2020-02-04T22:50:22",
            "lights": [
                "3",
                "4",
                "5",
                "6",
                "7",
                "8"
            ],
            "lightstates": {
                "1": {
                    "bri": 77,
                    "ct": 367,
                    "on": true
                },
                "2": {
                    "bri": 77,
                    "ct": 367,
                    "on": true
                },
                "3": {
                    "bri": 77,
                    "ct": 367,
                    "on": true
                },
                "4": {
                    "bri": 77,
                    "ct": 367,
                    "on": true
                },
                "5": {
                    "bri": 77,
                    "ct": 367,
                    "on": true
                },
                "6": {
                    "bri": 77,
                    "ct": 367,
                    "on": true
                },
                "7": {
                    "bri": 77,
                    "ct": 367,
                    "on": true
                },
                "8": {
                    "bri": 77,
                    "ct": 367,
                    "on": true
                }
            },
            "name": "Dimmed",
            "owner": "a7161538be80d40b3de98dece6e91f90",
            "picture": "",
            "recycle": false,
            "type": "GroupScene",
            "version": 2
        },
        "7": {
            "appdata": {
                "data": "05phw_r01_d07",
                "version": 1
            },
            "group": "1",
            "lastupdated": "2020-02-04T22:50:22",
            "lights": [
                "3",
                "4",
                "5",
                "6",
                "7",
                "8"
            ],
            "lightstates": {
                "1": {
                    "bri": 1,
                    "ct": 447,
                    "on": true
                },
                "2": {
                    "bri": 1,
                    "ct": 447,
                    "on": true
                },
                "3": {
                    "bri": 1,
                    "ct": 447,
                    "on": true
                },
                "4": {
                    "bri": 1,
                    "ct": 447,
                    "on": true
                },
                "5": {
                    "bri": 1,
                    "ct": 447,
                    "on": true
                },
                "6": {
                    "bri": 1,
                    "ct": 447,
                    "on": true
                },
                "7": {
                    "bri": 1,
                    "ct": 447,
                    "on": true
                },
                "8": {
                    "bri": 1,
                    "ct": 447,
                    "on": true
                }
            },
            "name": "Nightlight",
            "owner": "a7161538be80d40b3de98dece6e91f90",
            "picture": "",
            "recycle": false,
            "type": "GroupScene",
            "version": 2
        },
        "8": {
            "appdata": {
                "data": "faEAL_r01_d15",
                "version": 1
            },
            "group": "1",
            "lastupdated": "2020-02-04T22:50:22",
            "lights": [
                "3",
                "4",
                "5",
                "6",
                "7",
                "8"
            ],
            "lightstates": {
                "1": {
                    "bri": 199,
                    "ct": 385,
                    "on": true
                },
                "2": {
                    "bri": 199,
                    "ct": 385,
                    "on": true
                },
                "3": {
                    "bri": 199,
                    "ct": 385,
                    "on": true
                },
                "4": {
                    "bri": 199,
                    "ct": 385,
                    "on": true
                },
                "5": {
                    "bri": 199,
                    "ct": 385,
                    "on": true
                },
                "6": {
                    "bri": 199,
                    "ct": 385,
                    "on": true
                },
                "7": {
                    "bri": 199,
                    "ct": 385,
                    "on": true
                },
                "8": {
                    "bri": 199,
                    "ct": 385,
                    "on": true
                }
            },
            "name": "Savanna sunset",
            "owner": "a7161538be80d40b3de98dece6e91f90",
            "picture": "",
            "recycle": false,
            "type": "GroupScene",
            "version": 2
        },
        "9": {
            "appdata": {
                "data": "pJccg_r01_d16",
                "version": 1
            },
            "group": "1",
            "lastupdated": "2020-02-04T22:50:23",
            "lights": [
                "3",
                "4",
                "5",
                "6",
                "7",
                "8"
            ],
            "lightstates": {
                "1": {
                    "bri": 123,
                    "ct": 322,
                    "on": true
                },
                "2": {
                    "bri": 123,
                    "ct": 322,
                    "on": true
                },
                "3": {
                    "bri": 123,
                    "ct": 322,
                    "on": true
                },
                "4": {
                    "bri": 123,
                    "ct": 322,
                    "on": true
                },
                "5": {
                    "bri": 123,
                    "ct": 322,
                    "on": true
                },
                "6": {
                    "bri": 123,
                    "ct": 322,
                    "on": true
                },
                "7": {
                    "bri": 123,
                    "ct": 322,
                    "on": true
                },
                "8": {
                    "bri": 123,
                    "ct": 322,
                    "on": true
                }
            },
            "name": "Tropical twilight",
            "owner": "a7161538be80d40b3de98dece6e91f90",
            "picture": "",
            "recycle": false,
            "type": "GroupScene",
            "version": 2
        }
    },
    "schedules": {},
    "sensors": {
        "1": {
            "config": {
                "configured": false,
                "on": true,
                "sunriseoffset": 30,
                "sunsetoffset": -30
            },
            "manufacturername": "Philips",
            "modelid": "PHDL00",
            "name": "Daylight",
            "state": {
                "daylight": null,
                "lastupdated": "none"
            },
            "swversion": "1.0",
            "type": "Daylight"
        }
    }
}
