{
    "subtrees": {
        "diy-hue": {
            "prefix": "diy-hue",
            "url": "ssh://github.com/diyHue/diyHue",
            "branch": "master"
        },
        "wss": {
            "prefix": "zpds/wss",
            "url": "ssh://github.com/zwegner/websocket-server",
            "branch": "master"
        },
        "pyzwaver": {
            "prefix": "PyZwaver",
            "url": "ssh://github.com/robertmuth/PyZwaver",
            "branch": "master"
        },
        "codegen": {
            "prefix": "loader/codegen",
            "url": "ssh://github.com/zwegner/codegen",
            "branch": "master"
        }
    }
}
